{
  "home": [
    255.0000457763672,
    0,
    80,
    0
  ],
  "bounds": {
    "x": [
      205.00006103515625,
      305.0000305175781
    ],
    "y": [
      -158,
      158
    ],
    "z": [
      -135.0000457763672,
      160.0
    ],
    "r": [
      -90,
      90
    ]
  },
  "timestamp": "2026-03-10T14:30:09"
}